{
	"typescript.reloadProjects.title": "TypeScript プロジェクトを再度読み込みます",
	"javascript.reloadProjects.title": "JavaScript プロジェクトを再度読み込みます",
	"configuration.typescript": "TypeScript",
	"typescript.useCodeSnippetsOnMethodSuggest.dec": "パラメーター シグネチャを含む完全な関数。",
	"typescript.tsdk.desc": "使用する tsserver と lib*.d.ts ファイルが含まれているフォルダーのパスを指定します。",
	"typescript.tsdk_version.desc": "TS サーバーのバージョンを指定します。TS サーバーが NPM でインストールされていない場合のみ必要です。",
	"typescript.disableAutomaticTypeAcquisition": "種類の自動的な取得を無効にします。変更後、TypeScript 2.0.6 以降と再起動が必要です。",
	"typescript.check.tscVersion": "グローバル インストール TypeScript コンパイラ (tsc など) が、使用された TypeScript 言語サービスと異なっているかどうかを確認します。",
	"typescript.tsserver.trace": "TS サーバーに送信されるメッセージのトレースを有効にします。",
	"typescript.tsserver.experimentalAutoBuild": "試験的な自動ビルドを有効にします。1.9 dev または 2.x tsserver バージョンと、変更後に VS Code の再起動が必要です。",
	"typescript.validate.enable": "TypeScript の検証を有効/無効にします。",
	"typescript.format.enable": "既定の TypeScript フォーマッタを有効/無効にします。",
	"javascript.format.enable": "既定の JavaScript フォーマッタを有効/無効にします。",
	"format.insertSpaceAfterCommaDelimiter": "コンマ区切り記号の後のスペース処理を定義します。",
	"format.insertSpaceAfterSemicolonInForStatements": " for ステートメント内のセミコロンの後のスペース処理を定義します。",
	"format.insertSpaceBeforeAndAfterBinaryOperators": "2 項演算子の後のスペース処理を定義します。",
	"format.insertSpaceAfterKeywordsInControlFlowStatements": "制御フロー ステートメント内のキーワードの後のスペース処理を定義します。",
	"format.insertSpaceAfterFunctionKeywordForAnonymousFunctions": "匿名関数の関数キーワードの後のスペース処理を定義します。",
	"format.insertSpaceAfterOpeningAndBeforeClosingNonemptyParenthesis": "左右の空でないかっこの間のスペース処理を定義します。",
	"format.insertSpaceAfterOpeningAndBeforeClosingNonemptyBrackets": "左右の空でない角かっこの間のスペース処理を定義します。",
	"format.insertSpaceAfterOpeningAndBeforeClosingTemplateStringBraces": "テンプレート文字列の始め波かっこの後と終わり波かっこの前のスペース処理を定義します。TypeScript が 2.0.6 以上である必要があります。",
	"format.insertSpaceAfterOpeningAndBeforeClosingJsxExpressionBraces": "JSX 式の始め波かっこの後と終わり波かっこの前のスペース処理を定義します。TypeScript が 2.0.6 以上である必要があります。",
	"format.placeOpenBraceOnNewLineForFunctions": "新しい行に関数の始め波かっこを配置するかどうかを定義します。",
	"format.placeOpenBraceOnNewLineForControlBlocks": "新しい行にコントロール ブロックの始め波かっこを配置するかどうかを定義します。",
	"javascript.validate.enable": "JavaScript の検証を有効/無効にします。",
	"typescript.referencesCodeLens.enabled": "参照コードのレンズを有効/無効にします"
}