{
	"typescript.reloadProjects.title": "Перезагрузка проекта TypeScript",
	"javascript.reloadProjects.title": "Перезагрузка проекта JavaScript",
	"configuration.typescript": "TypeScript",
	"typescript.useCodeSnippetsOnMethodSuggest.dec": "Дополните функции сигнатурами их параметров.",
	"typescript.tsdk.desc": "Указывает путь к папке, содержащей файлы tsserver и lib*.d.ts, которые необходимо использовать.",
	"typescript.tsdk_version.desc": "Указывает версию tsserver. Требуется, только если tsserver не установлен с помощью npm.",
	"typescript.disableAutomaticTypeAcquisition": "Отключает автоматическое получение типа. Требуется TypeScript 2.0.6 и более поздней версии и перезапуск после его изменения.",
	"typescript.check.tscVersion": "Проверка отличия компилятора TypeScript глобальной установки (например, tsc) от используемой языковой службы TypeScript.",
	"typescript.tsserver.trace": "Включение трассировки сообщений, отправленных на сервер TS.",
	"typescript.tsserver.experimentalAutoBuild": "Включает экспериментальную автосборку. Требуется версия 1.9 dev или версия 2.x tsserver и перезапуск VS Code после изменения.",
	"typescript.validate.enable": "Включение или отключение проверки TypeScript.",
	"typescript.format.enable": "Включение или отключение модуля форматирования TypeScript по умолчанию.",
	"javascript.format.enable": "Включение или отключение модуля форматирования JavaScript по умолчанию.",
	"format.insertSpaceAfterCommaDelimiter": "Определяет метод обработки пробелов после разделителя-запятой.",
	"format.insertSpaceAfterSemicolonInForStatements": " Определяет метод обработки пробелов после точки с запятой в операторе for.",
	"format.insertSpaceBeforeAndAfterBinaryOperators": "Определяет метод обработки пробелов после двоичного оператора.",
	"format.insertSpaceAfterKeywordsInControlFlowStatements": "Определяет метод обработки пробелов после ключевых слов в операторе управления потоком выполнения.",
	"format.insertSpaceAfterFunctionKeywordForAnonymousFunctions": "Определяет метод обработки пробелов после ключевого слова function у анонимных функций.",
	"format.insertSpaceAfterOpeningAndBeforeClosingNonemptyParenthesis": "Определяет метод обработки пробелов после открытия и до закрытия непустых круглых скобок.",
	"format.insertSpaceAfterOpeningAndBeforeClosingNonemptyBrackets": "Определяет метод обработки пробелов после открытия и до закрытия непустых квадратных скобок.",
	"format.insertSpaceAfterOpeningAndBeforeClosingTemplateStringBraces": "Определяет метод обработки пробелов после открытия и до закрытия скобок в строке шаблона. Требуется TypeScript 2.0.6 или более поздней версии.",
	"format.insertSpaceAfterOpeningAndBeforeClosingJsxExpressionBraces": "Определяет метод обработки пробелов после открытия и до закрытия скобок выражения JSX. Требуется TypeScript 2.0.6 или более поздней версии.",
	"format.placeOpenBraceOnNewLineForFunctions": "Определяет, ставится ли открывающая фигурная скобка с новой строки в функциях.",
	"format.placeOpenBraceOnNewLineForControlBlocks": "Определяет, ставится ли открывающая фигурная скобка с новой строки в блоках управления.",
	"javascript.validate.enable": "Включение или отключение проверки JavaScript.",
	"typescript.referencesCodeLens.enabled": "Включить/отключить CodeLens для ссылок"
}