{
	"typescript.reloadProjects.title": "重新載入 TypeScript 專案",
	"javascript.reloadProjects.title": "重新載入 JavaScript 專案",
	"configuration.typescript": "TypeScript",
	"typescript.useCodeSnippetsOnMethodSuggest.dec": "使用其參數簽章完成函式。",
	"typescript.tsdk.desc": "指定資料夾路徑，其中包含要使用的 tsserver 和 lib*.d.ts 檔案。",
	"typescript.tsdk_version.desc": "指定 tsserver 版本。只有在未使用 npm 安裝 tsserver 時才需要。",
	"typescript.disableAutomaticTypeAcquisition": "停用自動類型取得。需要 TypeScript >= 2.0.6，並需要在變更後重新啟動。",
	"typescript.check.tscVersion": "請檢查全域安裝 TypeScript 編譯器 (例如 tsc) 是否不同於使用的 TypeScript 語言服務。",
	"typescript.tsserver.trace": "允許追蹤傳送到 TS 伺服器的訊息。",
	"typescript.tsserver.experimentalAutoBuild": "啟用實驗性自動建置。需要 1.9 dev 或 2.x tsserver 版本，且在變更後必須重新啟動 VS Code。",
	"typescript.validate.enable": "啟用/停用 TypeScript 驗證。",
	"typescript.format.enable": "啟用/停用預設 TypeScript 格式器。",
	"javascript.format.enable": "啟用/停用預設 JavaScript 格式器。",
	"format.insertSpaceAfterCommaDelimiter": "定義逗號分隔符號後的空格處理。",
	"format.insertSpaceAfterSemicolonInForStatements": " 定義 for 陳述式內分號後的空格處理。",
	"format.insertSpaceBeforeAndAfterBinaryOperators": "定義二元運算子後的空格處理。",
	"format.insertSpaceAfterKeywordsInControlFlowStatements": "定義控制流程陳述式內關鍵字後的空格處理。",
	"format.insertSpaceAfterFunctionKeywordForAnonymousFunctions": "定義匿名函式之函式關鍵字後的空格處理。",
	"format.insertSpaceAfterOpeningAndBeforeClosingNonemptyParenthesis": "定義左右非空白括弧間的空格處理。",
	"format.insertSpaceAfterOpeningAndBeforeClosingNonemptyBrackets": "定義左右非空白中括弧間的空格處理。",
	"format.insertSpaceAfterOpeningAndBeforeClosingTemplateStringBraces": "定義範本字串左右大括弧間的空格處理。需要 TypeScript >= 2.0.6。",
	"format.insertSpaceAfterOpeningAndBeforeClosingJsxExpressionBraces": "定義 JSX 運算式左右大括弧間的空格處理。需要 TypeScript >= 2.0.6。",
	"format.placeOpenBraceOnNewLineForFunctions": "定義是否將左大括弧放入函式的新行。",
	"format.placeOpenBraceOnNewLineForControlBlocks": "定義是否將左大括弧放入控制區塊的新行。",
	"javascript.validate.enable": "啟用/停用 JavaScript 驗證。",
	"typescript.referencesCodeLens.enabled": "啟用/停用參考 code lens"
}