{
	"command.refresh": "Обновить",
	"command.openChange": "Открыть изменение",
	"command.openFile": "Открыть файл",
	"command.stage": "Промежуточно сохранить",
	"command.stageAll": "Промежуточно сохранить все",
	"command.unstage": "Отменить промежуточное сохранение",
	"command.unstageAll": "Отменить промежуточное сохранение всего",
	"command.clean": "Очистить",
	"command.cleanAll": "Очистить все",
	"command.commitStaged": "Зафиксировать промежуточные",
	"command.commitStagedSigned": "Зафиксировать промежуточные (завершено)",
	"command.commitAll": "Зафиксировать все",
	"command.commitAllSigned": "Зафиксировать все (завершено)",
	"command.undoCommit": "Отменить последнюю фиксацию",
	"command.checkout": "Извлечь в...",
	"command.branch": "Создать ветвь...",
	"command.pull": "Получить",
	"command.pullRebase": "Получить (переместить изменения из одной ветви в другую)",
	"command.push": "Отправить",
	"command.pushTo": "Отправить в...",
	"command.sync": "Синхронизация",
	"command.publish": "Опубликовать",
	"command.showOutput": "Показать выходные данные GIT"
}