{
	"command.refresh": "刷新",
	"command.openChange": "打开更改",
	"command.openFile": "打开文件",
	"command.stage": "暂存",
	"command.stageAll": "全部暂存",
	"command.unstage": "取消暂存",
	"command.unstageAll": "取消全部暂存",
	"command.clean": "清理",
	"command.cleanAll": "全部清理",
	"command.commitStaged": "已暂存提交",
	"command.commitStagedSigned": "已暂存提交(已注销)",
	"command.commitAll": "全部提交",
	"command.commitAllSigned": "全部提交(已注销)",
	"command.undoCommit": "撤消上次提交",
	"command.checkout": "签出到...",
	"command.branch": "创建分支...",
	"command.pull": "拉取",
	"command.pullRebase": "拉取(变基)",
	"command.push": "推送",
	"command.pushTo": "推送到...",
	"command.sync": "同步",
	"command.publish": "发布",
	"command.showOutput": "显示 GIT 输出"
}