{
	"command.refresh": "最新の情報に更新",
	"command.openChange": "変更を開く",
	"command.openFile": "ファイルを開く",
	"command.stage": "ステージング",
	"command.stageAll": "すべてステージング",
	"command.unstage": "ステージング解除",
	"command.unstageAll": "すべてステージング解除",
	"command.clean": "クリーン",
	"command.cleanAll": "すべてクリーン",
	"command.commitStaged": "ステージング済みをコミット",
	"command.commitStagedSigned": "ステージング済みをコミット (サインオフ)",
	"command.commitAll": "すべてコミット",
	"command.commitAllSigned": "すべてコミット (サインオフ)",
	"command.undoCommit": "前回のコミットを元に戻す",
	"command.checkout": "チェックアウト先...",
	"command.branch": "分岐の作成...",
	"command.pull": "プル",
	"command.pullRebase": "プル (リベース)",
	"command.push": "プッシュ",
	"command.pushTo": "プッシュ先...",
	"command.sync": "同期",
	"command.publish": "公開",
	"command.showOutput": "Git 出力の表示"
}