{
	"command.refresh": "새로 고침",
	"command.openChange": "변경 내용 열기",
	"command.openFile": "파일 열기",
	"command.stage": "스테이징",
	"command.stageAll": "모두 스테이징",
	"command.unstage": "스테이징 취소",
	"command.unstageAll": "모두 스테이징 취소",
	"command.clean": "정리",
	"command.cleanAll": "모두 정리",
	"command.commitStaged": "스테이징된 항목 커밋",
	"command.commitStagedSigned": "스테이징된 항목 커밋(로그오프됨)",
	"command.commitAll": "모두 커밋",
	"command.commitAllSigned": "모두 커밋(로그오프됨)",
	"command.undoCommit": "마지막 커밋 실행 취소",
	"command.checkout": "다음으로 체크 아웃...",
	"command.branch": "분기 만들기...",
	"command.pull": "풀",
	"command.pullRebase": "풀(다시 지정)",
	"command.push": "푸시",
	"command.pushTo": "다음으로 푸시...",
	"command.sync": "동기화",
	"command.publish": "게시",
	"command.showOutput": "Git 출력 표시"
}