{
	"command.refresh": "Actualizar",
	"command.openChange": "Abrir cambio",
	"command.openFile": "Abrir archivo",
	"command.stage": "Almacenar provisionalmente",
	"command.stageAll": "Almacenar todo provisionalmente",
	"command.unstage": "Cancelar almacenamiento provisional",
	"command.unstageAll": "Cancelar almacenamiento provisional de todo",
	"command.clean": "Limpiar",
	"command.cleanAll": "Limpiar todo",
	"command.commitStaged": "Confirmar elementos almacenados provisionalmente",
	"command.commitStagedSigned": "Confirmar elementos almacenados provisionalmente (aprobado)",
	"command.commitAll": "Confirmar todo",
	"command.commitAllSigned": "Confirmar todo (aprobado)",
	"command.undoCommit": "Deshacer última confirmación",
	"command.checkout": "Desproteger en...",
	"command.branch": "Crear rama...",
	"command.pull": "Incorporación de cambios",
	"command.pullRebase": "Incorporación de cambios (fusionar mediante cambio de base)",
	"command.push": "Insertar",
	"command.pushTo": "Insertar en...",
	"command.sync": "Sincronizar",
	"command.publish": "Publicar",
	"command.showOutput": "Mostrar salida de GIT"
}