{
	"command.refresh": "Actualiser",
	"command.openChange": "Ouvrir la modification",
	"command.openFile": "Ouvrir le fichier",
	"command.stage": "Mettre en attente",
	"command.stageAll": "Tout mettre en attente",
	"command.unstage": "Annuler la mise en attente",
	"command.unstageAll": "Annuler toute mise en attente",
	"command.clean": "Nettoyer",
	"command.cleanAll": "Nettoyer tout",
	"command.commitStaged": "Valider les modifications en attente",
	"command.commitStagedSigned": "Valider les modifications en attente (signé)",
	"command.commitAll": "Valider tout",
	"command.commitAllSigned": "Valider tout (signé)",
	"command.undoCommit": "Annuler la dernière validation",
	"command.checkout": "Extraire vers...",
	"command.branch": "Créer une branche...",
	"command.pull": "Pull",
	"command.pullRebase": "Pull (rebaser)",
	"command.push": "Push",
	"command.pushTo": "Transfert (Push) vers...",
	"command.sync": "Synchroniser",
	"command.publish": "Publier",
	"command.showOutput": "Afficher la sortie Git"
}