{
	"command.refresh": "Aktualisieren",
	"command.openChange": "Änderung öffnen",
	"command.openFile": "Datei öffnen",
	"command.stage": "Phase",
	"command.stageAll": "Alle bereitstellen",
	"command.unstage": "Bereitstellung aufheben",
	"command.unstageAll": "Bereitstellung für alle aufheben",
	"command.clean": "Bereinigen",
	"command.cleanAll": "Alle bereinigen",
	"command.commitStaged": "Commit bereitgestellt",
	"command.commitStagedSigned": "Gestaffelt committen (abgemeldet)",
	"command.commitAll": "Alle committen",
	"command.commitAllSigned": "Alle committen (abgemeldet)",
	"command.undoCommit": "Letzten Commit rückgängig machen",
	"command.checkout": "Auschecken an...",
	"command.branch": "Branch wird erstellt...",
	"command.pull": "Pull",
	"command.pullRebase": "Pull (Rebase)",
	"command.push": "Push",
	"command.pushTo": "Push zu...",
	"command.sync": "Synchronisierung",
	"command.publish": "Veröffentlichen",
	"command.showOutput": "Git-Ausgabe anzeigen"
}