{
	"command.refresh": "重新整理",
	"command.openChange": "開啟變更",
	"command.openFile": "開啟檔案",
	"command.stage": "暫存",
	"command.stageAll": "全部暫存",
	"command.unstage": "取消暫存",
	"command.unstageAll": "全部取消暫存",
	"command.clean": "清除",
	"command.cleanAll": "全部清除",
	"command.commitStaged": "認可暫存",
	"command.commitStagedSigned": "認可暫存 (已登出)",
	"command.commitAll": "全部認可",
	"command.commitAllSigned": "全部認可 (已登出)",
	"command.undoCommit": "復原上次認可",
	"command.checkout": "簽出至...",
	"command.branch": "建立分支...",
	"command.pull": "提取",
	"command.pullRebase": "提取 (重訂基底)",
	"command.push": "推送",
	"command.pushTo": "推送至...",
	"command.sync": "同步處理",
	"command.publish": "發行",
	"command.showOutput": "顯示 Git 輸出"
}