{
	"extension.description": "Estensione del debugger di Visual Studio Code per Node.js",
	"node.label": "Node.js",
	"smartStep.description": "Esegue automaticamente un'istruzione alla volta del codice generato che non può essere mappato all'origine.",
	"skipFiles.description": "Matrice di criteri GLOB per i file da ignorare durante il debug.",
	"outFiles.description": "Se sono abilitati i mapping di origine, questi criteri GLOB specificano i file JavaScript generati. Se un criterio inizia con '!', i file sono esclusi. Se non è specificato, il codice generato dovrebbe trovarsi nella stessa directory dell'origine.",
	"outDir.deprecationMessage": "L'attributo 'outDir' è deprecato. Usare 'outFiles'.",
	"launch.args.description": "Argomenti della riga di comando passati al programma.",
	"node.sourceMaps.description": "Usa i mapping di origine JavaScript (se esistenti).",
	"node.stopOnEntry.description": "Arresta automaticamente il programma dopo l'avvio.",
	"node.port.description": "Porta di debug a cui connettersi. Il valore predefinito è 5858.",
	"node.address.description": "Indirizzo TCP/IP della porta di debug (solo per Node.js >= 5.0). Il valore predefinito è 'localhost'.",
	"node.timeout.description": "Numero di millisecondi in cui vengono effettuati i tentativi di connessione a Node.js. Il valore predefinito è 10000 ms.",
	"node.restart.description": "Riavvia la sessione dopo la chiusura di Node.js.",
	"node.launch.program.description": "Percorso assoluto del programma. Per ipotizzare il valore generato, esaminare package.json e i file aperti. Modificare questo attributo.",
	"node.launch.externalConsole.deprecationMessage": "L'attributo 'externalConsole' è deprecato. Usare 'console'.",
	"node.launch.console.description": "Indica dove avviare la destinazione di debug: console interna, terminale integrato o terminale esterno.",
	"node.launch.cwd.description": "Percorso assoluto della directory di lavoro del programma di cui eseguire il debug.",
	"node.launch.runtimeExecutable.description": "Runtime da usare. Corrisponde a un percorso assoluto o al nome di un runtime disponibile in PATH. Se viene omesso, si presuppone che sia 'node'.",
	"node.launch.runtimeArgs.description": "Argomenti facoltativi passati all'eseguibile del runtime.",
	"node.launch.env.description": "Variabili di ambiente passate al programma.",
	"node.launch.envFile.description": "Percorso assoluto di un file che contiene le definizioni delle variabili di ambiente.",
	"node.launch.config.name": "Launch",
	"node.attach.processId.description": "ID del processo a cui collegarsi.",
	"node.attach.localRoot.description": "Radice di origine locale che corrisponde a 'remoteRoot'.",
	"node.attach.remoteRoot.description": "Radice di origine dell'host remoto.",
	"node.attach.config.name": "Attach",
	"node.processattach.config.name": "Collega a processo",
	"node.snippet.launch.label": "Node.js: avvia il programma",
	"node.snippet.launch.description": "Avvia un programma Node in modalità di debug",
	"node.snippet.npm.label": "Node.js: avvio tramite npm",
	"node.snippet.npm.description": "Avvia un programma Node tramite uno script 'debug' di npm",
	"node.snippet.attach.label": "Node.js: collega alla porta",
	"node.snippet.attach.description": "Collega alla porta di debug di un programma Node in esecuzione",
	"node.snippet.attachProcess.label": "Node.js: collega al processo",
	"node.snippet.attachProcess.description": "Apre l'utilità di selezione processi per selezionare il processo Node o Gulp a cui collegarsi",
	"node.snippet.nodemon.label": "Node.js: configurazione di nodemon",
	"node.snippet.nodemon.description": "Usa nodemon per riavviare una sessione di debug in seguito a modifiche dell'origine",
	"node.snippet.mocha.label": "Node.js: test Mocha",
	"node.snippet.mocha.description": "Esegue il debug di test Mocha",
	"node.snippet.yo.label": "Node.js: generatore yeoman",
	"node.snippet.yo.description": "Esegue il debug del generatore yeoman (per installare, eseguire 'npm link' nella cartella del progetto)",
	"node.snippet.gulp.label": "Node.js: attività gulp",
	"node.snippet.gulp.description": "Esegue il debug dell'attività gulp (assicurarsi che nel progetto sia installata un'istanza locale di gulp)",
	"extensionHost.label": "Sviluppo di estensioni per Visual Studio Code",
	"extensionHost.launch.runtimeExecutable.description": "Percorso assoluto di Visual Studio Code.",
	"extensionHost.launch.stopOnEntry.description": "Arresta automaticamente l'host dell'estensione dopo l'avvio.",
	"extensionHost.launch.sourceMaps.description": "Usa i mapping di origine JavaScript.",
	"extensionHost.snippet.launch.label": "Sviluppo di estensioni per Visual Studio Code",
	"extensionHost.snippet.launch.description": "Avvia un'estensione Visual Studio Code in modalità di debug",
	"extensionHost.launch.config.name": "Avvia estensione"
}