{
	"extension.description": "Extension de débogueur Visual Studio Code pour Node.js",
	"node.label": "Node.js",
	"smartStep.description": "Exécutez pas à pas de façon automatique le code généré qui ne peut être mappé à la source d'origine.",
	"skipFiles.description": "Ensemble de modèles Glob de fichiers à ignorer durant le débogage.",
	"outFiles.description": "Si les mappages de sources sont activés, ces modèles Glob spécifient les fichiers JavaScript générés. Si un modèle commence par '!', les fichiers sont exclus. En l'absence de spécification, le code généré est censé se trouver dans le même répertoire que sa source.",
	"outDir.deprecationMessage": "Attribut 'outDir' déconseillé, utilisez 'outFiles' à la place.",
	"launch.args.description": "Arguments de ligne de commande passés au programme.",
	"node.sourceMaps.description": "Utilisez des mappages de sources JavaScript (s'ils existent)",
	"node.stopOnEntry.description": "Arrêtez automatiquement le programme après le lancement.",
	"node.port.description": "Port de débogage auquel effectuer l'attachement. La valeur par défaut est 5858.",
	"node.address.description": "Adresse TCP/IP du port de débogage (pour Node.js >= 5.0 uniquement). La valeur par défaut est 'localhost'.",
	"node.timeout.description": "Réessayez de vous connecter à Node.js pendant le nombre de millisecondes spécifié. La valeur par défaut est 10 000 ms.",
	"node.restart.description": "Redémarrez la session une fois l'exécution de Node.js achevée.",
	"node.launch.program.description": "Chemin absolu du programme. La valeur générée est déterminée en fonction du fichier package.json et des fichiers ouverts. Modifiez cet attribut.",
	"node.launch.externalConsole.deprecationMessage": "Attribut 'externalConsole' déconseillé, utilisez 'console' à la place.",
	"node.launch.console.description": "Où lancer la cible de débogage : console interne, terminal intégré ou terminal externe.",
	"node.launch.cwd.description": "Chemin absolu du répertoire de travail du programme en cours de débogage.",
	"node.launch.runtimeExecutable.description": "Runtime à utiliser. Chemin absolu ou nom d'un runtime disponible dans PATH. En cas d'omission, 'node' est choisi par défaut.",
	"node.launch.runtimeArgs.description": "Arguments facultatifs passés à l'exécutable du runtime.",
	"node.launch.env.description": "Variables d'environnement passées au programme.",
	"node.launch.envFile.description": "Chemin absolu d'un fichier contenant des définitions de variables d'environnement.",
	"node.launch.config.name": "Lancer",
	"node.attach.processId.description": "ID du processus auquel effectuer la jonction.",
	"node.attach.localRoot.description": "Racine de la source locale qui correspond à 'remoteRoot'.",
	"node.attach.remoteRoot.description": "Racine source de l'hôte distant.",
	"node.attach.config.name": "Attacher",
	"node.processattach.config.name": "Attacher au processus",
	"node.snippet.launch.label": "Node.js : lancer un programme",
	"node.snippet.launch.description": "Lancer un programme node en mode débogage",
	"node.snippet.npm.label": "Node.js : lancer via NPM",
	"node.snippet.npm.description": "Lancer un programme node via un script 'debug' npm",
	"node.snippet.attach.label": "Node.js : attacher au port",
	"node.snippet.attach.description": "Attacher au port de débogage d'un programme node en cours d'exécution",
	"node.snippet.attachProcess.label": "Node.js : attacher au processus",
	"node.snippet.attachProcess.description": "Ouvrir le sélecteur de processus pour sélectionner le processus node ou gulp à attacher",
	"node.snippet.nodemon.label": "Node.js : configurer nodemon",
	"node.snippet.nodemon.description": "Utiliser nodemon pour relancer une session de débogage quand la source change",
	"node.snippet.mocha.label": "Node.js : tests mocha",
	"node.snippet.mocha.description": "Déboguer les tests mocha",
	"node.snippet.yo.label": "Node.js : générateur Yeoman",
	"node.snippet.yo.description": "Déboguer un générateur yeoman (effectuer l'installation en exécutant 'npm link' dans le dossier de projet)",
	"node.snippet.gulp.label": "Node.js : tâche Gulp",
	"node.snippet.gulp.description": "Déboguer une tâche gulp (un gulp local doit être installé dans votre projet)",
	"extensionHost.label": "Développement d'extension VS Code",
	"extensionHost.launch.runtimeExecutable.description": "Chemin absolu de VS Code.",
	"extensionHost.launch.stopOnEntry.description": "Arrêtez automatiquement l'hôte d'extension après le lancement.",
	"extensionHost.launch.sourceMaps.description": "Utilisez des mappages de sources JavaScript.",
	"extensionHost.snippet.launch.label": "Développement d'extension VS Code",
	"extensionHost.snippet.launch.description": "Lancer une extension VS Code en mode débogage",
	"extensionHost.launch.config.name": "Lancer l'extension"
}