{
	"extension.description": "Расширение отладки Visual Studio Code для Node.js",
	"node.label": "Node.js",
	"smartStep.description": "Автоматическая пошаговая отработка сформированного кода, который невозможно снова добавить в исходный источник.",
	"skipFiles.description": "Массив масок для файлов, пропускаемых при отладке.",
	"outFiles.description": "Если включены сопоставления исходного кода, эти глобальные шаблоны указывают созданные файлы JavaScript. Если шаблон начинается с \"!\", файлы исключаются. Если не указан, созданный код должен быть в том же каталоге, что и исходный.",
	"outDir.deprecationMessage": "Атрибут outDir устарел, используйте вместо него outFiles.",
	"launch.args.description": "Аргументы командной строки, переданные в программу.",
	"node.sourceMaps.description": "Использовать карты исходного кода JavaScript (если они существуют).",
	"node.stopOnEntry.description": "Автоматически остановить программу после запуска.",
	"node.port.description": "Порт отладки для присоединения. Значение по умолчанию — 5858.",
	"node.address.description": "TCP/IP-адрес порта отладки (только для Node.js >= 5.0). Значение по умолчанию — \"localhost\".",
	"node.timeout.description": "Повторять в течение этого количества миллисекунд для подключения к Node.js. Значение по умолчанию — 10 000 мс.",
	"node.restart.description": "Перезапуск сеанса после завершения Node.js.",
	"node.launch.program.description": "Абсолютный путь к программе. Созданное значение можно определить, взглянув на package.json и открытые файлы. Изменить этот атрибут.",
	"node.launch.externalConsole.deprecationMessage": "Атрибут externalConsole устарел и не рекомендуется к использованию, используйте вместо него console.",
	"node.launch.console.description": "Где следует выполнять запуск целевого объекта отладки: внутренняя консоль, интегрированный терминал или внешний терминал.",
	"node.launch.cwd.description": "Абсолютный путь к рабочему каталогу отлаживаемой программы.",
	"node.launch.runtimeExecutable.description": "Используемая среда выполнения. Абсолютный путь или имя среды выполнения, доступные в переменной PATH. Если не указано, предполагается \"node\".",
	"node.launch.runtimeArgs.description": "Необязательные аргументы, переданные исполняемому файлу среды выполнения.",
	"node.launch.env.description": "Переменные окружения, переданные в программу.",
	"node.launch.envFile.description": "Абсолютный путь к файлу с определениями переменных среды.",
	"node.launch.config.name": "Запустить",
	"node.attach.processId.description": "Идентификатор процесса, к которому необходимо подключиться.",
	"node.attach.localRoot.description": "Корневой элемент локального источника, соответствующий remoteRoot.",
	"node.attach.remoteRoot.description": "Исходный корневой элемент удаленного узла.",
	"node.attach.config.name": "Подключить",
	"node.processattach.config.name": "Подключение к процессу",
	"node.snippet.launch.label": "Node.js: запуск программы",
	"node.snippet.launch.description": "Запуск программы на базе Node в режиме отладки",
	"node.snippet.npm.label": "Node.js: запуск через NPM",
	"node.snippet.npm.description": "Запуск программы на базе Node через сценарий отладки npm",
	"node.snippet.attach.label": "Node.js: подключение к порту",
	"node.snippet.attach.description": "Подключение к порту отладки работающей программы на базе Node",
	"node.snippet.attachProcess.label": "Node.js: подключение к процессу",
	"node.snippet.attachProcess.description": "Открытие средства выбора процессов для выбора процесса Node или Gulp для подключения",
	"node.snippet.nodemon.label": "Node.js: настройка Nodemon",
	"node.snippet.nodemon.description": "Использование Nodemon для перезапуска сеанса отладки при изменениях исходного кода",
	"node.snippet.mocha.label": "Node.js: тесты Mocha",
	"node.snippet.mocha.description": "Отладка тестов Mocha",
	"node.snippet.yo.label": "Node.js: генератор Yeoman",
	"node.snippet.yo.description": "Генератор Yeoman отладки (чтобы установить, выполните команду \"npm link\" в папке проекта)",
	"node.snippet.gulp.label": "Node.js: задача Gulp",
	"node.snippet.gulp.description": "Задача Gulp по отладке (убедитесь, что в вашем проекте установлен локальный Gulp)",
	"extensionHost.label": "Разработка расширения VS Code",
	"extensionHost.launch.runtimeExecutable.description": "Абсолютный путь к VS Code.",
	"extensionHost.launch.stopOnEntry.description": "Автоматически остановить хост-процесс для расширений после запуска.",
	"extensionHost.launch.sourceMaps.description": "Использовать карты исходного кода JavaScript.",
	"extensionHost.snippet.launch.label": "Разработка расширения VS Code",
	"extensionHost.snippet.launch.description": "Запуск расширения VS Code в режиме отладки",
	"extensionHost.launch.config.name": "Запуск расширения"
}