{
	"extension.description": "用于 Node.js 的 Visual Studio 代码调试器扩展",
	"node.label": "Node.js",
	"smartStep.description": "自动单步执行无法映射回原始源的生成代码。",
	"skipFiles.description": "在调试时文件要跳过的一组 glob 模式。",
	"outFiles.description": "如果启用源映射，则这些 glob 模式将指定生成的 JavaScript 文件。如果模式以 \"!\" 开始，则排除这些文件。如果未指定，则生成的代码应与其源位于同一目录中。",
	"outDir.deprecationMessage": "属性 \"outDir\" 已弃用，请改用 \"outFiles\"。",
	"launch.args.description": "传递给计划的命令行参数。",
	"node.sourceMaps.description": "使用 JavaScript 源映射(如果存在)。",
	"node.stopOnEntry.description": "启动后自动停止程序。",
	"node.port.description": "调试要附加的端口。默认端口是 5858。",
	"node.address.description": "调试端口的 TCP/IP 地址(仅限 Node.js >= 5.0)。默认值为 \"localhost\"。",
	"node.timeout.description": "重试连接到 Node.js 的此毫秒数。默认值为 10000 ms。",
	"node.restart.description": "在终止 Node.js 后重启会话。",
	"node.launch.program.description": "程序的绝对路径。通过查看 package.json 和打开的文件猜测所生成的值。编辑此属性。",
	"node.launch.externalConsole.deprecationMessage": "属性 \"externalConsole\" 已弃用，请改用 \"console\"。",
	"node.launch.console.description": "可启动调试目标的位置: 内部控制台、集成终端或外部终端。",
	"node.launch.cwd.description": "正在进行调试的程序的工作目录的绝对路径。",
	"node.launch.runtimeExecutable.description": "要使用的运行时。一个绝对路径或路径上可用的运行时名称。如果假定省略“节点”。",
	"node.launch.runtimeArgs.description": "传递给运行时可执行文件的可选参数。",
	"node.launch.env.description": "传递给程序的环境变量。",
	"node.launch.envFile.description": "包含环境变量定义的文件的绝对路径。",
	"node.launch.config.name": "启动",
	"node.attach.processId.description": "要附加到的进程 ID。",
	"node.attach.localRoot.description": "对应于 \"remoteRoot\" 的本地源根。",
	"node.attach.remoteRoot.description": "远程主机的源根。",
	"node.attach.config.name": "附加",
	"node.processattach.config.name": "附加到进程",
	"node.snippet.launch.label": "Node.js: 启动计划",
	"node.snippet.launch.description": "在调试模式下启动节点计划",
	"node.snippet.npm.label": "Node.js: 通过 NPM 启动",
	"node.snippet.npm.description": "通过 npm“调试”脚本启动节点计划",
	"node.snippet.attach.label": "Node.js: 附加到端口",
	"node.snippet.attach.description": "附加到正在运行的节点计划的调试端口",
	"node.snippet.attachProcess.label": "Node.js: 附加到进程",
	"node.snippet.attachProcess.description": "打开进程选取器以选择要附加到的节点或 Gulp 进程",
	"node.snippet.nodemon.label": "Node.js: Nodemon 安装程序",
	"node.snippet.nodemon.description": "使用 nodemon 以在源更改上重新启动调试会话",
	"node.snippet.mocha.label": "Node.js: Mocha 测试",
	"node.snippet.mocha.description": "调试 mocha 测试",
	"node.snippet.yo.label": "Node.js: Yeoman 生成器",
	"node.snippet.yo.description": "调试 yeoman 生成器(通过在项目文件夹中运行 \"npm link\" 进行安装)",
	"node.snippet.gulp.label": "Node.js: Gulp 任务",
	"node.snippet.gulp.description": "调试 Gulp 任务(确保项目中已安装本地 Gulp)",
	"extensionHost.label": "VS 代码扩展开发",
	"extensionHost.launch.runtimeExecutable.description": "VS Code 的绝对路径。",
	"extensionHost.launch.stopOnEntry.description": "启动后自动停止扩展主机。",
	"extensionHost.launch.sourceMaps.description": "使用 JavaScript 源映射。",
	"extensionHost.snippet.launch.label": "VS Code 扩展开发",
	"extensionHost.snippet.launch.description": "在调试模式下启动 VS Code 扩展",
	"extensionHost.launch.config.name": "启动扩展"
}