{
	"extension.description": "Visual Studio-Codedebuggererweiterung für Node.js",
	"node.label": "Node.js",
	"smartStep.description": "Durchläuft automatisch den generierten Code, der nicht der ursprünglichen Quelle erneut zugeordnet werden kann.",
	"skipFiles.description": "Ein Array für Globmuster für Dateien, die beim Debuggen übersprungen werden.",
	"outFiles.description": "Wenn Quellzuordnungen aktiviert sind, geben diese Globmuster die generierten JavaScript-Dateien an. Wenn ein Muster mit \"!\" beginnt, werden die Dateien ausgeschlossen. Wenn keine Angabe erfolgt, wird der generierte Code im gleichen Verzeichnis wie seine Quelle erwartet.",
	"outDir.deprecationMessage": "Das Attribut \"outDir\" ist veraltet. Verwenden Sie stattdessen \"outFiles\".",
	"launch.args.description": "Befehlszeilenargumente, die an das Programm übergeben werden.",
	"node.sourceMaps.description": "Verwendet JavaScript-Quellzuordnungen (wenn vorhanden).",
	"node.stopOnEntry.description": "Beendet das Programm nach dem Start automatisch.",
	"node.port.description": "Der Debugport zum Anfügen. Der Standardwert ist 5858.",
	"node.address.description": "Die TCP/IP-Adresse des Debugports (nur für Node.js >= 5.0). Der Standardwert ist \"localhost\".",
	"node.timeout.description": "Führt für diese Anzahl von Millisekunden Wiederholungsversuche aus, um eine Verbindung mit Node.js herzustellen. Der Standardwert sind 10.000 Millisekunden.",
	"node.restart.description": "Startet die Sitzung neu, nachdem Node.js beendet wurde.",
	"node.launch.program.description": "Der absolute Pfad zum Programm. Der generierte Wert wird anhand von \"package.json\" und geöffneter Dateien geschätzt. Bearbeiten Sie dieses Attribut.",
	"node.launch.externalConsole.deprecationMessage": "Das Attribut \"externalConsole\" ist veraltet. Verwenden Sie stattdessen \"console\".",
	"node.launch.console.description": "Startort des Debugziels: interne Konsole, integriertes Terminal oder externes Terminal.",
	"node.launch.cwd.description": "Der absolute Pfad zum Arbeitsverzeichnis des Programms, das debuggt wird.",
	"node.launch.runtimeExecutable.description": "Die zu verwendende Laufzeit. Ein absoluter Pfad oder der Name einer in PATH verfügbaren Laufzeit. Wenn keine Angabe erfolgt, wird \"node\" angenommen.",
	"node.launch.runtimeArgs.description": "Optionale Argumente, die an die ausführbare Laufzeitdatei übergeben werden.",
	"node.launch.env.description": "Umgebungsvariablen, die an das Programm übergeben werden.",
	"node.launch.envFile.description": "Absoluter Pfad zu einer Datei mit Definitionen für Umgebungsvariablen.",
	"node.launch.config.name": "Starten",
	"node.attach.processId.description": "Die ID des Prozesses, an den die Anfügung erfolgen soll.",
	"node.attach.localRoot.description": "Der lokale Quellstamm, der dem \"remoteRoot\" entspricht.",
	"node.attach.remoteRoot.description": "Der Quellstamm des Remotehosts.",
	"node.attach.config.name": "Anfügen",
	"node.processattach.config.name": "An den Prozess anhängen",
	"node.snippet.launch.label": "Node.js: Programm starten",
	"node.snippet.launch.description": "Node-Programm im Debugmodus starten",
	"node.snippet.npm.label": "Node.js: Über NPM starten",
	"node.snippet.npm.description": "Node-Programm über ein npm-Debugskript starten",
	"node.snippet.attach.label": "Node.js: An Port anfügen",
	"node.snippet.attach.description": "An den Debugport eines ausgeführten Node-Programms anfügen",
	"node.snippet.attachProcess.label": "Node.js: An Prozess anfügen",
	"node.snippet.attachProcess.description": "Prozessauswahl zum Auswählen des Knotens oder Gulp-Prozesses zum Anfügen öffnen",
	"node.snippet.nodemon.label": "Node.js: Nodemon-Einrichtung",
	"node.snippet.nodemon.description": "Verwenden Sie Nodemon zum erneuten Starten einer Debugsitzung bei Quellenänderungen.",
	"node.snippet.mocha.label": "Node.js: Mocha-Tests",
	"node.snippet.mocha.description": "Mocha-Tests debuggen",
	"node.snippet.yo.label": "Node.js: Yeoman-Generator",
	"node.snippet.yo.description": "Yeoman-Generator debuggen (durch Ausführen von \"npm link\" im Projektordner installieren)",
	"node.snippet.gulp.label": "Node.js: Gulp-Aufgabe",
	"node.snippet.gulp.description": "Gulp-Aufgabe debuggen (in Ihrem Projekt muss ein lokales Gulp installiert sein)",
	"extensionHost.label": "VSCode-Erweiterungsentwicklung",
	"extensionHost.launch.runtimeExecutable.description": "Der absolute Pfad zu VS Code.",
	"extensionHost.launch.stopOnEntry.description": "Beendet den Erweiterungshost nach dem Start automatisch.",
	"extensionHost.launch.sourceMaps.description": "Verwendet JavaScript-Quellzuordnungen.",
	"extensionHost.snippet.launch.label": "VSCode-Erweiterungsentwicklung",
	"extensionHost.snippet.launch.description": "VS Code-Erweiterung im Debugmodus starten",
	"extensionHost.launch.config.name": "Extension starten"
}