{
	"json.schemas.desc": "Associer les schémas aux fichiers JSON dans le projet actif",
	"json.schemas.url.desc": "URL de schéma ou chemin relatif d'un schéma dans le répertoire actif",
	"json.schemas.fileMatch.desc": "Tableau de modèles de fichiers pour la recherche de correspondances durant la résolution de fichiers JSON en schémas.",
	"json.schemas.fileMatch.item.desc": "Modèle de fichier pouvant contenir '*' pour la recherche de correspondances durant la résolution de fichiers JSON en schémas.",
	"json.schemas.schema.desc": "Définition de schéma pour l'URL indiquée. Le schéma doit être fourni uniquement pour éviter les accès à l'URL du schéma.",
	"json.format.enable.desc": "Activer/désactiver le formateur JSON par défaut (nécessite un redémarrage)"
}