{
	"json.schemas.desc": "スキーマを現在のプロジェクトの JSON ファイルに関連付けます",
	"json.schemas.url.desc": "スキーマへの URL または現在のディレクトリのスキーマへの相対パス",
	"json.schemas.fileMatch.desc": "JSON ファイルをスキーマに解決する場合に一致するファイル パターンの配列です。",
	"json.schemas.fileMatch.item.desc": "JSON ファイルをスキーマに解決する場合に一致するよう '*' を含む可能性があるファイル パターンです。",
	"json.schemas.schema.desc": "指定された URL のスキーマ定義です。スキーマは、スキーマ URL へのアクセスを避けるためにのみ指定する必要があります。",
	"json.format.enable.desc": "既定の JSON フォーマッタを有効/無効にします (再起動が必要です)"
}