{
	"json.schemas.desc": "在結構描述與目前專案的 JSON 檔案之間建立關聯",
	"json.schemas.url.desc": "目前目錄中的結構描述 URL 或結構描述相對路徑",
	"json.schemas.fileMatch.desc": "檔案模式陣列，在將 JSON 檔案解析成結構描述時的比對對象。",
	"json.schemas.fileMatch.item.desc": "可包含 '*' 的檔案模式，在將 JSON 檔案解析成結構描述時的比對對象。",
	"json.schemas.schema.desc": "指定 URL 的結構描述定義。只須提供結構描述以避免存取結構描述 URL。",
	"json.format.enable.desc": "啟用/停用預設 JSON 格式器 (需要重新啟動)"
}