{
	"markdown.preview.doubleClickToSwitchToEditor.desc": "Enable double clicking in the markdown preview switches to the editor.",
	"markdown.preview.fontFamily.desc": "Controls the font family used in the markdown preview.",
	"markdown.preview.fontSize.desc": "Controls the font size in pixels used in the markdown preview.",
	"markdown.preview.lineHeight.desc": "Controls the line height used in the markdown preview. This number is relative to the font size.",
	"markdown.preview.markEditorSelection.desc": "Mark the current editor selection in the markdown preview.",
	"markdown.preview.scrollEditorWithPreview.desc": "When the markdown preview is scrolled, update the view of the editor.",
	"markdown.preview.scrollPreviewWithEditorSelection.desc": "Scrolls the markdown preview to reveal the currently selected line from the editor.",
	"markdown.preview.title" : "Open Preview",
	"markdown.previewFrontMatter.dec": "Sets how YAML front matter should be rendered in the markdown preview. 'hide' removes the front matter. Otherwise, the front matter is treated as markdown content.",
	"markdown.previewSide.title" : "Open Preview to the Side",
	"markdown.showSource.title" : "Show Source",
	"markdown.styles.dec": "A list of URLs or local paths to CSS style sheets to use from the markdown preview. Relative paths are interpreted relative to the folder open in the explorer. If there is no open folder, they are interpreted relative to the location of the markdown file. All '\\' need to be written as '\\\\'."
}